summary_type,category,metric1,metric2,metric3
会员等级汇总,Gold,7,16323.6813,2331.9544714
会员等级汇总,Silver,7,15008.40015,2144.0571643
会员等级汇总,Platinum,6,8075.7271,1345.9545167
