summary_type,category,metric1,metric2,metric3
订单大小汇总,小批,12,26023.0999,2168.5916583
订单大小汇总,中批,6,10954.82465,1825.8041083
订单大小汇总,大批,1,1601.8932,1601.8932
订单大小汇总,单件,1,827.9908,827.9908
