summary_type,category,metric1,metric2,metric3
地区汇总,East,5,11397.7473,2279.54946
地区汇总,South,5,10620.3382,2124.06764
地区汇总,North,5,10095.05205,2019.01041
地区汇总,West,5,7294.671,1458.9342
